step,mean,sit,sic,sid,siu,siv,snt
500,-0.3670979854671607,-0.2724460999696976,-0.20122228933365904,-0.20927100539813615,-0.5874573634535758,-0.7280888317302558,-0.20410232291763974
24000,-0.23995713311343247,-0.1365497843842911,-0.06172822641351661,-0.10919044921402743,-0.474909973739408,-0.5837634215360432,-0.07360094339330847
47000,-0.05370640700296322,-0.016562080734120466,0.18162908919100318,-0.05161108084502031,-0.22359500402159593,-0.3021824610759989,0.09008309546795312
70500,0.09680580712962987,0.10433435741942865,0.34472279702346453,-0.048805893439129555,-0.000797817606946305,-0.052626849241556695,0.23400824862251857
93500,0.20657750668551889,0.21750782493382315,0.42500893885236257,0.0015069676194170434,0.13366998065360536,0.12518673171367556,0.33658459634022964
117000,0.3021186143525371,0.31178139067819066,0.4852191498783154,0.10400526306036151,0.23617620425208063,0.25553492055115534,0.4199947576951193
140000,0.37343319349725074,0.36953081006465516,0.527185720648141,0.2072029848891439,0.3104996022680131,0.34576951869620143,0.48041052441734944
163500,0.42354375537265615,0.40454398364068633,0.5559903273500375,0.2823090051793743,0.370357515587904,0.4056092184260033,0.522452482051931
186500,0.458398403883219,0.42773304866390827,0.5766776065733277,0.33895900917407806,0.41118280211218483,0.44669350758437254,0.5491444491914428
210000,0.4817022118019308,0.4424008866084188,0.590308541854621,0.3742235700313298,0.4409973283168046,0.47384350516394447,0.5684394388364661
